sequence_id	sequence	label	split
reg_train_01	ACGTACGTCCAATTTTTTTTATAAAGGGCGGAATAAA	regulatory	train
reg_train_02	GGGCGGACGTACGTCCAATACGTACGTTATAAA	regulatory	train
reg_train_03	TTTTTTCGCGGGCGGACGTACGTAATAAAACGT	regulatory	train
nonreg_train_01	ACGTACGTACGTACGTACGTACGTACGTACGT	non_regulatory	train
nonreg_train_02	GATCGATCGATCGATCGATCGATCGATCGATC	non_regulatory	train
nonreg_train_03	ATCGCGATATCGCGATATCGCGATATCGCGAT	non_regulatory	train
reg_test_01	ACGTCCAATACGTACGTACGTTATAATGGGCGG	regulatory	test
reg_test_02	TATAAAGGGCGGACGTCCAATACGTAATAAA	regulatory	test
nonreg_test_01	CGTACGTGACTGACTGACGTACGTGACTGACT	non_regulatory	test
nonreg_test_02	AGTCAGTCAGTCGATCGATCGTACGTAGTCAG	non_regulatory	test
